"AAACATACAATGCC.1_B",0.875
"AAACATACACGCAT.1_B",0.625
"AAACATACGAATAG.1_B",0.875
"AAACATACGGTGTT.1_B",0.875
"AAACATACGTGTCA.1_B",0.875
"AAACATACTCTTAC.1_B",1
"AAACATTGCTGATG.1_B",0.875
"AAACATTGGCCCTT.1_B",0.875
"AAACATTGGTGCAT.1_B",0.875
"AAACATTGTTTGGG.1_B",0.875
"AAACCGTGACGGTT.1_B",1
"AAACCGTGCTCCAC.1_B",0.625
"AAACCGTGCTCGCT.1_B",0.875
"AAACCGTGGGGACA.1_B",0.875
"AAACCGTGTGCATG.1_B",0.625
"AAACGCACATCACG.1_B",0.75
"AAACGCACCCAGTA.1_B",1
"AAACGCACGCCCTT.1_B",1
"AAACGCACGTACCA.1_B",1
"AAACGCACGTGTAC.1_B",1
"AAACGCACTCACCC.1_B",0.875
"AAACGCACTTCACT.1_B",1
"AAACGCACTTCCAT.1_B",1
"AAACGCTGATCTTC.1_B",0.875
"AAACGCTGCCCTCA.1_B",0.75
"AAACGCTGCCTACC.1_B",1
"AAACGCTGCTGTAG.1_B",1
"AAACGCTGCTTCTA.1_B",1
"AAACGCTGGCCTTC.1_B",1
"AAACGGCTAGCCTA.1_B",0.875
"AAACGGCTGCATAC.1_B",0.875
"AAACGGCTGTTACG.1_B",0.75
"AAACGGCTTGTCAG.1_B",1
"AAACTTGAACGCTA.1_B",0.875
"AAACTTGAACGTAC.1_B",0.875
"AAACTTGATCCTTA.1_B",1
"AAACTTGATCTTAC.1_B",1
"AAACTTGATGCCCT.1_B",0.75
"AAACTTGATTTACC.1_B",0.875
"AAACTTGATTTGGG.1_B",0.875
"AAAGACGAACAGTC.1_B",0.75
"AAAGACGACAATCG.1_B",0.75
"AAAGACGACAGAGG.1_B",0.75
"AAAGACGACCAATG.1_B",1
"AAAGACGACCTTAT.1_B",0.75
"AAAGACGAGTGCTA.1_B",1
"AAAGACGATAAGGA.1_B",0.875
"AAAGACGATGTCGA.1_B",1
"AAAGACGATTGCTT.1_B",0.875
"AAAGAGACAAACGA.1_B",0.625
"AAAGAGACCAGTCA.1_B",1
"AAAGAGACCGTCTC.1_B",0.875
"AAAGAGACGAACTC.1_B",1
"AAAGAGACTGAAGA.1_B",1
"AAAGATCTACCAAC.1_B",0.75
"AAAGATCTAGGAGC.1_B",0.875
"AAAGATCTCCGAAT.1_B",0.875
"AAAGATCTGGTCTA.1_B",1
"AAAGATCTGTGCAT.1_B",0.75
"AAAGATCTTCGTAG.1_B",0.625
"AAAGATCTTCTTAC.1_B",0.75
"AAAGATCTTGATGC.1_B",0.875
"AAAGCAGAACCAAC.1_B",1
"AAAGCAGAGTACGT.1_B",0.875
"AAAGCAGATATCGG.1_B",0.875
"AAAGCAGATTATCC.1_B",1
"AAAGCCTGAGGGTG.1_B",1
"AAAGCCTGATGACC.1_B",0.875
"AAAGCCTGCCTTCG.1_B",1
"AAAGCCTGGAACCT.1_B",0.875
"AAAGCCTGGTCACA.1_B",1
"AAAGCCTGTAACCG.1_B",0.75
"AAAGCCTGTTCATC.1_B",0.875
"AAAGGCCTCATTCT.1_B",0.625
"AAAGGCCTCCTGTC.1_B",1
"AAAGGCCTCGAGTT.1_B",0.75
"AAAGGCCTGGCATT.1_B",0.75
"AAAGGCCTGGTTCA.1_B",1
"AAAGGCCTTATTCC.1_B",1
"AAAGGCCTTTCCAT.1_B",0.75
"AAAGTTTGATGGTC.1_B",1
"AAAGTTTGCTTCCG.1_B",1
"AAAGTTTGTCCTAT.1_B",1
"AAAGTTTGTGCAGT.1_B",1
"AAATACTGCCATGA.1_B",0.75
"AAATACTGGTACAC.1_B",0.75
"AAATACTGTTACTC.1_B",1
"AAATACTGTTGACG.1_B",0.875
"AAATCAACACACTG.1_B",0.875
"AAATCAACACCCAA.1_B",0.875
"AAATCAACATGTCG.1_B",0.75
"AAATCAACCCAATG.1_B",0.875
"AAATCAACGGGAGT.1_B",1
"AAATCAACTCCAGA.1_B",1
"AAATCAACTTTACC.1_B",0.875
"AAATCATGACTGGT.1_B",1
"AAATCATGAGTCGT.1_B",0.875
"AAATCATGCATACG.1_B",0.875
"AAATCATGCCGCTT.1_B",0.875
"AAATCATGCGTTGA.1_B",0.875
"AAACATACCACTAG.1_M",0.875
"AAACATACGTTCAG.1_M",0.75
"AAACATTGACGGTT.1_M",0.875
"AAACATTGCTTCGC.1_M",0.875
"AAACATTGGGCAAG.1_M",1
"AAACATTGTTTGTC.1_M",0.625
"AAACGCACGGACTT.1_M",0.25
"AAACGGCTACGGAG.1_M",1
"AAACGGCTAGTCAC.1_M",1
"AAACGGCTCAGCTA.1_M",1
"AAAGACGACCGTAA.1_M",1
"AAAGACGACTCGCT.1_M",1
"AAAGACGAGGTAAA.1_M",0.75
"AAAGACGATCAAGC.1_M",1
"AAAGATCTTGCATG.1_M",0.75
"AAAGCAGAGATAGA.1_M",0.875
"AAAGCCTGCAACCA.1_M",0.75
"AAAGCCTGTGCTCC.1_M",1
"AAAGGCCTCGCAAT.1_M",0.75
"AAATACTGACAGTC.1_M",0.875
"AAATACTGACGGTT.1_M",0.875
"AAATACTGTGGATC.1_M",0.875
"AAATCAACTTGTCT.1_M",1
"AAATCATGTAGCGT.1_M",0.875
"AAATCCCTGCTGTA.1_M",1
"AAATCCCTGTTCTT.1_M",1
"AAATCTGAAACCAC.1_M",1
"AAATCTGACTCATT.1_M",1
"AAATCTGAGCTACA.1_M",0.625
"AAATCTGATCACGA.1_M",1
"AAATGGGAAGTAGA.1_M",1
"AAATGGGACGAATC.1_M",0.875
"AAATGGGATAACGC.1_M",1
"AAATGGGATAGTCG.1_M",1
"AAATGTTGAGAACA.1_M",0.875
"AAATTGACAGGGTG.1_M",0.625
"AAATTGACTGGGAG.1_M",1
"AAATTGACTGTCCC.1_M",1
"AACAAACTCAATCG.1_M",0.875
"AACAAACTCTTGTT.1_M",0.875
"AACACGTGAAGAAC.1_M",0.875
"AACACTCTGCGTAT.1_M",0.75
"AACAGAGACGCTAA.1_M",1
"AACAGAGATCATTC.1_M",1
"AACAGCACAAGCAA.1_M",1
"AACAGCACGTATCG.1_M",0.875
"AACATATGACAGTC.1_M",0.875
"AACATATGCTCCAC.1_M",0.75
"AACATATGGCAGAG.1_M",0.875
"AACATATGGTATCG.1_M",1
"AACATTGATCGATG.1_M",0.875
"AACCACGAAATGCC.1_M",1
"AACCAGTGCTTCGC.1_M",0.875
"AACCAGTGGACACT.1_M",1
"AACCAGTGTCCAGA.1_M",1
"AACCCAGACCTTTA.1_M",1
"AACCGATGACCTAG.1_M",1
"AACCGATGGGGATG.1_M",1
"AACCGCCTTCGTGA.1_M",1
"AACCGCCTTGAGAA.1_M",0.75
"AACCGCCTTTCACT.1_M",1
"AACCTACTTGATGC.1_M",0.875
"AACCTTACGACAGG.1_M",0.75
"AACCTTACGCCCTT.1_M",1
"AACCTTTGTTGTGG.1_M",0.875
"AACGCAACTAAGGA.1_M",0.875
"AACGCATGCGTTGA.1_M",0.875
"AACGCATGCTGAAC.1_M",1
"AACGCCCTCCCAAA.1_M",0.875
"AACGGTACAAGGCG.1_M",0.75
"AACGGTACCTGTGA.1_M",0.875
"AACGGTACTATGCG.1_M",0.75
"AACGGTTGGCCATA.1_M",0.875
"AACGGTTGTCTACT.1_M",0.875
"AACGTCGAAAGTAG.1_M",0.75
"AACGTCGACTCTTA.1_M",0.875
"AACGTCGAGGCATT.1_M",1
"AACGTGTGATTGGC.1_M",0.875
"AACGTGTGCCAACA.1_M",0.875
"AACGTTCTCACTTT.1_M",0.75
"AACGTTCTGCGGAA.1_M",0.75
"AACGTTCTGGCAAG.1_M",1
"AACTACCTGATACC.1_M",1
"AACTACCTGTCATG.1_M",0.75
"AACTCACTCGTTGA.1_M",1
"AACTCACTCTTGGA.1_M",1
"AACTCGGAATACCG.1_M",1
"AACTCTTGACTAGC.1_M",1
"AACTCTTGGATGAA.1_M",1
"AACTGTCTAGTGCT.1_M",1
"AACTGTCTCCTTTA.1_M",0.875
"AACTGTCTTCTAGG.1_M",0.875
"AACTTGCTCCTTAT.1_M",0.875
"AACTTGCTGGAAAT.1_M",0.75
"AAGAAGACCTTGGA.1_M",1
"AAGAATCTCTGATG.1_M",0.75
"AAGAATCTTACTTC.1_M",1
"AAGAATCTTCTGGA.1_M",1
"AAGACAGACGCAAT.1_M",1
"AAGAGATGGAAAGT.1_M",0.625
"AAACATACATTCTC.1_S",1
"AAACATTGCGATAC.1_S",0.875
"AAACATTGCGTCTC.1_S",0.875
"AAACATTGGCCAAT.1_S",1
"AAACATTGGCCATA.1_S",0.875
"AAACATTGGTACGT.1_S",1
"AAACATTGTCCCGT.1_S",0.875
"AAACCGTGACCTTT.1_S",1
"AAACCGTGTCAGTG.1_S",1
"AAACCGTGTCGTGA.1_S",0.75
"AAACGCACAGAGGC.1_S",0.875
"AAACGCACCACAAC.1_S",0.875
"AAACGCACCAGTTG.1_S",1
"AAACGCACTCTCGC.1_S",1
"AAACGCACTTCTAC.1_S",1
"AAACGCACTTTCTG.1_S",1
"AAACGCTGAACCAC.1_S",1
"AAACGCTGAACTGC.1_S",0.75
"AAACGCTGCATCAG.1_S",1
"AAACGCTGGTAAGA.1_S",0.875
"AAACGCTGTCTTTG.1_S",0.75
"AAACGCTGTTTCGT.1_S",0.875
"AAACGGCTCAGCTA.1_S",0.875
"AAACGGCTGCTGAT.1_S",0.875
"AAACGGCTGGGATG.1_S",0
"AAACTTGAAAACGA.1_S",0.75
"AAACTTGAACCACA.1_S",0.875
"AAACTTGAATCGAC.1_S",0.875
"AAACTTGAGACAAA.1_S",0.875
"AAACTTGAGAGGTG.1_S",0.75
"AAACTTGAGTCTTT.1_S",0.875
"AAACTTGAGTTTCT.1_S",0.875
"AAACTTGATAAGCC.1_S",1
"AAACTTGATTGTCT.1_S",1
"AAAGACGAAAGAGT.1_S",1
"AAAGACGAACTTTC.1_S",0.875
"AAAGACGAAGGCGA.1_S",0.875
"AAAGACGAAGTGTC.1_S",0.875
"AAAGACGACACCAA.1_S",0.875
"AAAGACGACCACAA.1_S",0.75
"AAAGACGACCGATA.1_S",1
"AAAGACGAGATAAG.1_S",1
"AAAGACGAGGTATC.1_S",0.875
"AAAGACGATAGACC.1_S",0.75
"AAAGAGACAGAACA.1_S",0.875
"AAAGAGACATCTCT.1_S",1
"AAAGATCTACACCA.1_S",1
"AAAGATCTACTCTT.1_S",1
"AAAGATCTCACTTT.1_S",1
"AAAGATCTGCCCTT.1_S",0.875
"AAAGATCTGCTTCC.1_S",0.875
"AAAGATCTGTATCG.1_S",1
"AAAGATCTTGATGC.1_S",1
"AAAGCAGACACTTT.1_S",1
"AAAGCAGACCGTAA.1_S",0.875
"AAAGCAGACCTCAC.1_S",0.875
"AAAGCAGACTTACT.1_S",0.875
"AAAGCAGAGGACAG.1_S",0.875
"AAAGCAGATTATCC.1_S",0.875
"AAAGCCTGATCGGT.1_S",1
"AAAGCCTGCAGGAG.1_S",1
"AAAGCCTGCTAGCA.1_S",1
"AAAGCCTGGAAGGC.1_S",1
"AAAGCCTGGCATAC.1_S",0.875
"AAAGCCTGGTCACA.1_S",1
"AAAGCCTGGTTCGA.1_S",0.625
"AAAGGCCTATTCGG.1_S",0.875
"AAAGGCCTCGTAGT.1_S",0.875
"AAAGGCCTTATGCG.1_S",0.875
"AAAGGCCTTCTTTG.1_S",0.875
"AAAGTTTGAAAGTG.1_S",0.75
"AAAGTTTGGATACC.1_S",0.875
"AAAGTTTGGTAAAG.1_S",0.75
"AAAGTTTGGTTACG.1_S",1
"AAAGTTTGTCGATG.1_S",0.75
"AAAGTTTGTGGATC.1_S",1
"AAATACTGAGTGTC.1_S",1
"AAATACTGGGTGGA.1_S",1
"AAATACTGGGTTAC.1_S",1
"AAATCAACCTAGAC.1_S",0.875
"AAATCAACCTTACT.1_S",1
"AAATCAACGAGGTG.1_S",0.75
"AAATCAACGGAAGC.1_S",0.625
"AAATCAACGTTAGC.1_S",1
"AAATCATGCCGATA.1_S",0.875
"AAATCATGGAGCAG.1_S",0.875
"AAATCATGGAGGCA.1_S",1
"AAATCATGGCAGAG.1_S",1
"AAATCATGGTTGTG.1_S",0.875
"AAATCATGTAAGCC.1_S",1
"AAATCATGTAGACC.1_S",1
"AAATCATGTCCAAG.1_S",1
"AAATCCCTACTTTC.1_S",0.875
"AAATCCCTCGTAAC.1_S",1
"AAATCCCTCTTCGC.1_S",1
"AAATCCCTGAAACA.1_S",1
"AAATCCCTGAGGGT.1_S",1
"AAATCCCTGTACAC.1_S",1
"AAATCTGAAACGTC.1_S",1
"AAATCTGACTAGTG.1_S",0.75
"AAACATACCCAATG.1_NK",0.875
"AAACATACGACGTT.1_NK",0.875
"AAACATACTCACCC.1_NK",0.75
"AAACATACTCAGAC.1_NK",0.875
"AAACATTGAACAGA.1_NK",0.75
"AAACATTGGACTAC.1_NK",0.875
"AAACATTGGTCATG.1_NK",0.875
"AAACATTGGTTCGA.1_NK",0.75
"AAACATTGTGCAGT.1_NK",1
"AAACATTGTTTCAC.1_NK",1
"AAACCGTGACGCTA.1_NK",0.875
"AAACCGTGACGGAG.1_NK",1
"AAACCGTGATACCG.1_NK",0.875
"AAACCGTGCAGCTA.1_NK",1
"AAACCGTGCCGTTC.1_NK",0.875
"AAACCGTGCTCAAG.1_NK",0.75
"AAACCGTGGCTATG.1_NK",0.875
"AAACCGTGTGGATC.1_NK",0.875
"AAACCGTGTGTCTT.1_NK",0.875
"AAACCGTGTTGAGC.1_NK",0.875
"AAACGCACAGCCTA.1_NK",0.875
"AAACGCACCTGGTA.1_NK",1
"AAACGCACTAAGCC.1_NK",1
"AAACGCACTAGACC.1_NK",1
"AAACGCACTCTCCG.1_NK",1
"AAACGCACTTCAGG.1_NK",0.75
"AAACGCTGCCCTCA.1_NK",1
"AAACGCTGGACTAC.1_NK",0.875
"AAACGGCTAAACAG.1_NK",1
"AAACGGCTCCGTTC.1_NK",0.875
"AAACGGCTGTCAAC.1_NK",0.75
"AAACGGCTTAACCG.1_NK",0.875
"AAACGGCTTCTTAC.1_NK",1
"AAACGGCTTGGCAT.1_NK",0.875
"AAACTTGAAAGGGC.1_NK",0.875
"AAACTTGACCTTAT.1_NK",1
"AAACTTGACTGTAG.1_NK",1
"AAACTTGAGCCTTC.1_NK",0.875
"AAACTTGAGTCATG.1_NK",0.875
"AAACTTGATCCCGT.1_NK",0.75
"AAACTTGATGGTCA.1_NK",1
"AAAGACGACTCTCG.1_NK",1
"AAAGACGATAACGC.1_NK",0.875
"AAAGACGATACGAC.1_NK",0.75
"AAAGACGATAGTCG.1_NK",1
"AAAGACGATATTCC.1_NK",0.875
"AAAGACGATTCACT.1_NK",1
"AAAGAGACAGTTCG.1_NK",1
"AAAGAGACATAAGG.1_NK",0.875
"AAAGAGACATGACC.1_NK",1
"AAAGAGACCATCAG.1_NK",0.75
"AAAGAGACCCCACT.1_NK",1
"AAAGAGACCTAGCA.1_NK",0.875
"AAAGAGACGTACAC.1_NK",1
"AAAGAGACGTAGGG.1_NK",0.875
"AAAGATCTACTTTC.1_NK",1
"AAAGATCTCTTCCG.1_NK",0.75
"AAAGATCTGCCAAT.1_NK",1
"AAAGATCTTTTCTG.1_NK",0.875
"AAAGCAGAAGCACT.1_NK",0.875
"AAAGCAGAGGTGGA.1_NK",0.875
"AAAGCAGATGCAAC.1_NK",0.875
"AAAGCAGATGGTTG.1_NK",0.875
"AAAGCCTGGATGAA.1_NK",1
"AAAGCCTGGTGAGG.1_NK",1
"AAAGCCTGTACTCT.1_NK",0.875
"AAAGGCCTAGTACC.1_NK",1
"AAAGGCCTATCACG.1_NK",1
"AAAGGCCTATTGGC.1_NK",0.875
"AAAGGCCTCGACTA.1_NK",0.75
"AAAGGCCTCTACGA.1_NK",1
"AAAGGCCTCTGGTA.1_NK",0.75
"AAAGGCCTCTTCCG.1_NK",0.875
"AAAGGCCTGCCTTC.1_NK",1
"AAAGTTTGAAGTGA.1_NK",1
"AAAGTTTGAGTGTC.1_NK",1
"AAAGTTTGTCCTAT.1_NK",0.75
"AAAGTTTGTGCCTC.1_NK",0.625
"AAAGTTTGTGGGAG.1_NK",0.875
"AAATACTGCATCAG.1_NK",0.875
"AAATACTGCTTGTT.1_NK",0.75
"AAATACTGGCGAAG.1_NK",0.75
"AAATACTGGCTAAC.1_NK",1
"AAATACTGTCGTTT.1_NK",0.75
"AAATCAACCATTGG.1_NK",1
"AAATCAACCCTATT.1_NK",0.875
"AAATCAACTCACGA.1_NK",0.875
"AAATCATGGGACTT.1_NK",1
"AAATCCCTACAGCT.1_NK",0.625
"AAATCCCTACCTTT.1_NK",1
"AAATCCCTATTGGC.1_NK",0.875
"AAATCCCTCATGAC.1_NK",0.875
"AAATCCCTCGTGAT.1_NK",0.875
"AAATCCCTCTCGCT.1_NK",1
"AAATCCCTCTGACA.1_NK",0.875
"AAATCCCTTCACCC.1_NK",0.75
"AAATCCCTTCAGAC.1_NK",1
"AAATCTGAACGACT.1_NK",1
"AAATCTGATACTCT.1_NK",1
"AAATCTGATCCTCG.1_NK",0.875
"AAACATACCAGTCA.1_N",1
"AAACATACGGTATC.1_N",0.875
"AAACATACTCCGAA.1_N",0.875
"AAACATACTGATGC.1_N",0.875
"AAACATACTGCACA.1_N",0.875
"AAACATTGAAAACG.1_N",0.75
"AAACATTGCAGCTA.1_N",0.75
"AAACATTGCTTGAG.1_N",1
"AAACATTGGAATCC.1_N",0.875
"AAACATTGGCCTTC.1_N",0.875
"AAACATTGGTGCTA.1_N",1
"AAACCGTGATAAGG.1_N",1
"AAACCGTGCACCAA.1_N",0.625
"AAACCGTGGCATAC.1_N",1
"AAACCGTGGCTTCC.1_N",1
"AAACCGTGGGTTCA.1_N",0.75
"AAACCGTGGTAGGG.1_N",1
"AAACCGTGGTGCTA.1_N",1
"AAACCGTGGTTGTG.1_N",0.75
"AAACCGTGTGCAGT.1_N",0.875
"AAACGCACAAACAG.1_N",1
"AAACGCACAACGAA.1_N",1
"AAACGCACAGATCC.1_N",0.75
"AAACGCACCATTTC.1_N",0.875
"AAACGCACGACTAC.1_N",1
"AAACGCACGTGCAT.1_N",0.875
"AAACGCACTCTCTA.1_N",1
"AAACGCTGACACGT.1_N",0.875
"AAACGCTGACCTGA.1_N",1
"AAACGCTGATAAGG.1_N",1
"AAACGCTGCCAACA.1_N",0.875
"AAACGCTGCTACGA.1_N",1
"AAACGCTGGACTAC.1_N",0.875
"AAACGCTGGGTATC.1_N",0.875
"AAACGCTGGTACGT.1_N",0.75
"AAACGGCTAGCTCA.1_N",1
"AAACGGCTAGGGTG.1_N",0.75
"AAACGGCTATGTGC.1_N",1
"AAACGGCTCGGAGA.1_N",1
"AAACGGCTCTAGTG.1_N",0.75
"AAACGGCTTAGCGT.1_N",1
"AAACGGCTTGAACC.1_N",1
"AAACTTGAAGTGCT.1_N",1
"AAACTTGACACTTT.1_N",0.875
"AAACTTGACCGCTT.1_N",0.875
"AAACTTGACGGGAA.1_N",1
"AAACTTGACTCCCA.1_N",1
"AAACTTGAGGTGTT.1_N",0.625
"AAACTTGAGTTCAG.1_N",0.875
"AAACTTGATCCGAA.1_N",0.75
"AAACTTGATCCTTA.1_N",1
"AAACTTGATGACAC.1_N",0.875
"AAAGACGAACGACT.1_N",1
"AAAGACGAAGCGGA.1_N",0.875
"AAAGACGACCCACT.1_N",0.875
"AAAGACGACTAGAC.1_N",1
"AAAGACGACTGTAG.1_N",1
"AAAGACGATCCTAT.1_N",0.875
"AAAGAGACAGTCTG.1_N",1
"AAAGAGACCCTCCA.1_N",1
"AAAGAGACCTCTAT.1_N",1
"AAAGAGACCTGGTA.1_N",0.875
"AAAGAGACCTTACT.1_N",1
"AAAGAGACTCCTCG.1_N",0.75
"AAAGAGACTTCCGC.1_N",0.75
"AAAGATCTCAGTTG.1_N",1
"AAAGATCTGCCTTC.1_N",0.875
"AAAGATCTTTTACC.1_N",0.875
"AAAGATCTTTTGCT.1_N",0.875
"AAAGCAGAACGACT.1_N",0.75
"AAAGCAGAACGTTG.1_N",0.875
"AAAGCAGAAGAACA.1_N",1
"AAAGCAGACTACGA.1_N",0.875
"AAAGCAGAGCTAAC.1_N",1
"AAAGCAGATATGGC.1_N",0.875
"AAAGCAGATCCTTA.1_N",1
"AAAGCAGATCTTTG.1_N",0.875
"AAAGCAGATTCGCC.1_N",0.875
"AAAGCCTGAACCAC.1_N",0.875
"AAAGCCTGACGGTT.1_N",1
"AAAGCCTGAGAGGC.1_N",1
"AAAGCCTGATTCCT.1_N",0.75
"AAAGCCTGCTCAGA.1_N",1
"AAAGCCTGCTCCAC.1_N",0.875
"AAAGCCTGCTGTCC.1_N",0.875
"AAAGCCTGGAACCT.1_N",1
"AAAGGCCTAAGTGA.1_N",1
"AAAGGCCTACGGGA.1_N",1
"AAAGGCCTATCTCT.1_N",0.875
"AAAGGCCTGACACT.1_N",0.5
"AAAGGCCTGGCAAG.1_N",0.875
"AAAGTTTGACACAC.1_N",0.875
"AAAGTTTGCTCCCA.1_N",0.75
"AAAGTTTGTATGCG.1_N",1
"AAAGTTTGTCTACT.1_N",0.875
"AAAGTTTGTTGCAG.1_N",0.625
"AAATACTGACCAGT.1_N",0.875
"AAATACTGAGTCTG.1_N",0.875
"AAATACTGCGTACA.1_N",0.875
"AAATACTGGCGAGA.1_N",1
