"","x"
"AAACATACAATGCC.1_B",0.125
"AAACATACACGCAT.1_B",0.25
"AAACATACGAATAG.1_B",0.25
"AAACATACGGTGTT.1_B",0.25
"AAACATACGTGTCA.1_B",0.25
"AAACATACTCTTAC.1_B",0.25
"AAACATTGCTGATG.1_B",0.25
"AAACATTGGCCCTT.1_B",0.25
"AAACATTGGTGCAT.1_B",0.25
"AAACATTGTTTGGG.1_B",0.25
"AAACCGTGACGGTT.1_B",0.25
"AAACCGTGCTCCAC.1_B",0.25
"AAACCGTGCTCGCT.1_B",0.125
"AAACCGTGGGGACA.1_B",0.25
"AAACCGTGTGCATG.1_B",0.25
"AAACGCACATCACG.1_B",0.25
"AAACGCACCCAGTA.1_B",0.25
"AAACGCACGCCCTT.1_B",0.25
"AAACGCACGTACCA.1_B",0.125
"AAACGCACGTGTAC.1_B",0.25
"AAACGCACTCACCC.1_B",0.25
"AAACGCACTTCACT.1_B",0.25
"AAACGCACTTCCAT.1_B",0.25
"AAACGCTGATCTTC.1_B",0.25
"AAACGCTGCCCTCA.1_B",0.25
"AAACGCTGCCTACC.1_B",0.25
"AAACGCTGCTGTAG.1_B",0.25
"AAACGCTGCTTCTA.1_B",0.25
"AAACGCTGGCCTTC.1_B",0.25
"AAACGGCTAGCCTA.1_B",0.25
"AAACGGCTGCATAC.1_B",0.25
"AAACGGCTGTTACG.1_B",0.25
"AAACGGCTTGTCAG.1_B",0.25
"AAACTTGAACGCTA.1_B",0.25
"AAACTTGAACGTAC.1_B",0.25
"AAACTTGATCCTTA.1_B",0.25
"AAACTTGATCTTAC.1_B",0.125
"AAACTTGATGCCCT.1_B",0.25
"AAACTTGATTTACC.1_B",0.25
"AAACTTGATTTGGG.1_B",0.25
"AAAGACGAACAGTC.1_B",0.25
"AAAGACGACAATCG.1_B",0.25
"AAAGACGACAGAGG.1_B",0.25
"AAAGACGACCAATG.1_B",0.25
"AAAGACGACCTTAT.1_B",0.25
"AAAGACGAGTGCTA.1_B",0.25
"AAAGACGATAAGGA.1_B",0.125
"AAAGACGATGTCGA.1_B",0.25
"AAAGACGATTGCTT.1_B",0.25
"AAAGAGACAAACGA.1_B",0
"AAAGAGACCAGTCA.1_B",0.25
"AAAGAGACCGTCTC.1_B",0.25
"AAAGAGACGAACTC.1_B",0.25
"AAAGAGACTGAAGA.1_B",0.25
"AAAGATCTACCAAC.1_B",0.125
"AAAGATCTAGGAGC.1_B",0
"AAAGATCTCCGAAT.1_B",0.125
"AAAGATCTGGTCTA.1_B",0.25
"AAAGATCTGTGCAT.1_B",0.25
"AAAGATCTTCGTAG.1_B",0.25
"AAAGATCTTCTTAC.1_B",0.25
"AAAGATCTTGATGC.1_B",0.25
"AAAGCAGAACCAAC.1_B",0.125
"AAAGCAGAGTACGT.1_B",0.5
"AAAGCAGATATCGG.1_B",0.25
"AAAGCAGATTATCC.1_B",0.25
"AAAGCCTGAGGGTG.1_B",0.25
"AAAGCCTGATGACC.1_B",0.25
"AAAGCCTGCCTTCG.1_B",0.25
"AAAGCCTGGAACCT.1_B",0.25
"AAAGCCTGGTCACA.1_B",0.25
"AAAGCCTGTAACCG.1_B",0
"AAAGCCTGTTCATC.1_B",0.25
"AAAGGCCTCATTCT.1_B",0.25
"AAAGGCCTCCTGTC.1_B",0.125
"AAAGGCCTCGAGTT.1_B",0.125
"AAAGGCCTGGCATT.1_B",0.25
"AAAGGCCTGGTTCA.1_B",0.25
"AAAGGCCTTATTCC.1_B",0
"AAAGGCCTTTCCAT.1_B",0.25
"AAAGTTTGATGGTC.1_B",0.25
"AAAGTTTGCTTCCG.1_B",0.25
"AAAGTTTGTCCTAT.1_B",0.25
"AAAGTTTGTGCAGT.1_B",0.25
"AAATACTGCCATGA.1_B",0.25
"AAATACTGGTACAC.1_B",0.25
"AAATACTGTTACTC.1_B",0.25
"AAATACTGTTGACG.1_B",0.25
"AAATCAACACACTG.1_B",0.25
"AAATCAACACCCAA.1_B",0.25
"AAATCAACATGTCG.1_B",0.25
"AAATCAACCCAATG.1_B",0.25
"AAATCAACGGGAGT.1_B",0.25
"AAATCAACTCCAGA.1_B",0.25
"AAATCAACTTTACC.1_B",0.25
"AAATCATGACTGGT.1_B",0.25
"AAATCATGAGTCGT.1_B",0.25
"AAATCATGCATACG.1_B",0.25
"AAATCATGCCGCTT.1_B",0.25
"AAATCATGCGTTGA.1_B",0.25
"AAACATACCACTAG.1_M",0.125
"AAACATACGTTCAG.1_M",0.125
"AAACATTGACGGTT.1_M",0.125
"AAACATTGCTTCGC.1_M",0.125
"AAACATTGGGCAAG.1_M",0.125
"AAACATTGTTTGTC.1_M",0.375
"AAACGCACGGACTT.1_M",0.125
"AAACGGCTACGGAG.1_M",0.125
"AAACGGCTAGTCAC.1_M",0.125
"AAACGGCTCAGCTA.1_M",0.125
"AAAGACGACCGTAA.1_M",0.125
"AAAGACGACTCGCT.1_M",0.125
"AAAGACGAGGTAAA.1_M",0.125
"AAAGACGATCAAGC.1_M",0.125
"AAAGATCTTGCATG.1_M",0.125
"AAAGCAGAGATAGA.1_M",0.125
"AAAGCCTGCAACCA.1_M",0
"AAAGCCTGTGCTCC.1_M",0.125
"AAAGGCCTCGCAAT.1_M",0.125
"AAATACTGACAGTC.1_M",0.125
"AAATACTGACGGTT.1_M",0
"AAATACTGTGGATC.1_M",0.5
"AAATCAACTTGTCT.1_M",0.125
"AAATCATGTAGCGT.1_M",0.125
"AAATCCCTGCTGTA.1_M",0.125
"AAATCCCTGTTCTT.1_M",0
"AAATCTGAAACCAC.1_M",0.125
"AAATCTGACTCATT.1_M",0.125
"AAATCTGAGCTACA.1_M",0.125
"AAATCTGATCACGA.1_M",0.125
"AAATGGGAAGTAGA.1_M",0.125
"AAATGGGACGAATC.1_M",0
"AAATGGGATAACGC.1_M",0.125
"AAATGGGATAGTCG.1_M",0.125
"AAATGTTGAGAACA.1_M",0.125
"AAATTGACAGGGTG.1_M",0.125
"AAATTGACTGGGAG.1_M",0.125
"AAATTGACTGTCCC.1_M",0.125
"AACAAACTCAATCG.1_M",0.125
"AACAAACTCTTGTT.1_M",0
"AACACGTGAAGAAC.1_M",0.5
"AACACTCTGCGTAT.1_M",0.125
"AACAGAGACGCTAA.1_M",0.125
"AACAGAGATCATTC.1_M",0.125
"AACAGCACAAGCAA.1_M",0.125
"AACAGCACGTATCG.1_M",0.125
"AACATATGACAGTC.1_M",0.125
"AACATATGCTCCAC.1_M",0.125
"AACATATGGCAGAG.1_M",0.125
"AACATATGGTATCG.1_M",0.25
"AACATTGATCGATG.1_M",0.125
"AACCACGAAATGCC.1_M",0.125
"AACCAGTGCTTCGC.1_M",0.125
"AACCAGTGGACACT.1_M",0.125
"AACCAGTGTCCAGA.1_M",0.125
"AACCCAGACCTTTA.1_M",0.125
"AACCGATGACCTAG.1_M",0.125
"AACCGATGGGGATG.1_M",0.125
"AACCGCCTTCGTGA.1_M",0.125
"AACCGCCTTGAGAA.1_M",0.125
"AACCGCCTTTCACT.1_M",0.125
"AACCTACTTGATGC.1_M",0.125
"AACCTTACGACAGG.1_M",0.125
"AACCTTACGCCCTT.1_M",0.125
"AACCTTTGTTGTGG.1_M",0.125
"AACGCAACTAAGGA.1_M",0.125
"AACGCATGCGTTGA.1_M",0.125
"AACGCATGCTGAAC.1_M",0.125
"AACGCCCTCCCAAA.1_M",0.125
"AACGGTACAAGGCG.1_M",0.125
"AACGGTACCTGTGA.1_M",0.125
"AACGGTACTATGCG.1_M",0.125
"AACGGTTGGCCATA.1_M",0
"AACGGTTGTCTACT.1_M",0
"AACGTCGAAAGTAG.1_M",0.125
"AACGTCGACTCTTA.1_M",0.125
"AACGTCGAGGCATT.1_M",0.125
"AACGTGTGATTGGC.1_M",0.125
"AACGTGTGCCAACA.1_M",0.125
"AACGTTCTCACTTT.1_M",0.125
"AACGTTCTGCGGAA.1_M",0.125
"AACGTTCTGGCAAG.1_M",0.125
"AACTACCTGATACC.1_M",0.125
"AACTACCTGTCATG.1_M",0.125
"AACTCACTCGTTGA.1_M",0.125
"AACTCACTCTTGGA.1_M",0.125
"AACTCGGAATACCG.1_M",0.125
"AACTCTTGACTAGC.1_M",0.125
"AACTCTTGGATGAA.1_M",0.125
"AACTGTCTAGTGCT.1_M",0.125
"AACTGTCTCCTTTA.1_M",0.125
"AACTGTCTTCTAGG.1_M",0.5
"AACTTGCTCCTTAT.1_M",0.125
"AACTTGCTGGAAAT.1_M",0.125
"AAGAAGACCTTGGA.1_M",0.5
"AAGAATCTCTGATG.1_M",0.5
"AAGAATCTTACTTC.1_M",0.125
"AAGAATCTTCTGGA.1_M",0.125
"AAGACAGACGCAAT.1_M",0.125
"AAGAGATGGAAAGT.1_M",0.125
"AAACATACATTCTC.1_S",0.5
"AAACATTGCGATAC.1_S",0.5
"AAACATTGCGTCTC.1_S",0.5
"AAACATTGGCCAAT.1_S",0.5
"AAACATTGGCCATA.1_S",0.5
"AAACATTGGTACGT.1_S",0.5
"AAACATTGTCCCGT.1_S",0.5
"AAACCGTGACCTTT.1_S",0.5
"AAACCGTGTCAGTG.1_S",0
"AAACCGTGTCGTGA.1_S",0.25
"AAACGCACAGAGGC.1_S",0.375
"AAACGCACCACAAC.1_S",0.25
"AAACGCACCAGTTG.1_S",0.5
"AAACGCACTCTCGC.1_S",0.5
"AAACGCACTTCTAC.1_S",0
"AAACGCACTTTCTG.1_S",0.5
"AAACGCTGAACCAC.1_S",0.25
"AAACGCTGAACTGC.1_S",0
"AAACGCTGCATCAG.1_S",0.5
"AAACGCTGGTAAGA.1_S",0.5
"AAACGCTGTCTTTG.1_S",0.25
"AAACGCTGTTTCGT.1_S",0
"AAACGGCTCAGCTA.1_S",0.5
"AAACGGCTGCTGAT.1_S",0.5
"AAACGGCTGGGATG.1_S",0.125
"AAACTTGAAAACGA.1_S",0.5
"AAACTTGAACCACA.1_S",0.25
"AAACTTGAATCGAC.1_S",0.5
"AAACTTGAGACAAA.1_S",0.5
"AAACTTGAGAGGTG.1_S",0.5
"AAACTTGAGTCTTT.1_S",0.5
"AAACTTGAGTTTCT.1_S",0.5
"AAACTTGATAAGCC.1_S",0.375
"AAACTTGATTGTCT.1_S",0.5
"AAAGACGAAAGAGT.1_S",0.25
"AAAGACGAACTTTC.1_S",0.125
"AAAGACGAAGGCGA.1_S",0.25
"AAAGACGAAGTGTC.1_S",0
"AAAGACGACACCAA.1_S",0.5
"AAAGACGACCACAA.1_S",0.5
"AAAGACGACCGATA.1_S",0.5
"AAAGACGAGATAAG.1_S",0.125
"AAAGACGAGGTATC.1_S",0.5
"AAAGACGATAGACC.1_S",0.25
"AAAGAGACAGAACA.1_S",0.5
"AAAGAGACATCTCT.1_S",0.5
"AAAGATCTACACCA.1_S",0
"AAAGATCTACTCTT.1_S",0.25
"AAAGATCTCACTTT.1_S",0.25
"AAAGATCTGCCCTT.1_S",0
"AAAGATCTGCTTCC.1_S",0.25
"AAAGATCTGTATCG.1_S",0
"AAAGATCTTGATGC.1_S",0.5
"AAAGCAGACACTTT.1_S",0
"AAAGCAGACCGTAA.1_S",0
"AAAGCAGACCTCAC.1_S",0.5
"AAAGCAGACTTACT.1_S",0.5
"AAAGCAGAGGACAG.1_S",0.5
"AAAGCAGATTATCC.1_S",0.5
"AAAGCCTGATCGGT.1_S",0.5
"AAAGCCTGCAGGAG.1_S",0.375
"AAAGCCTGCTAGCA.1_S",0.25
"AAAGCCTGGAAGGC.1_S",0.125
"AAAGCCTGGCATAC.1_S",0
"AAAGCCTGGTCACA.1_S",0.5
"AAAGCCTGGTTCGA.1_S",0
"AAAGGCCTATTCGG.1_S",0
"AAAGGCCTCGTAGT.1_S",0
"AAAGGCCTTATGCG.1_S",0.5
"AAAGGCCTTCTTTG.1_S",0.5
"AAAGTTTGAAAGTG.1_S",0.5
"AAAGTTTGGATACC.1_S",0.25
"AAAGTTTGGTAAAG.1_S",0.25
"AAAGTTTGGTTACG.1_S",0.5
"AAAGTTTGTCGATG.1_S",0
"AAAGTTTGTGGATC.1_S",0.5
"AAATACTGAGTGTC.1_S",0.125
"AAATACTGGGTGGA.1_S",0.25
"AAATACTGGGTTAC.1_S",0.5
"AAATCAACCTAGAC.1_S",0.5
"AAATCAACCTTACT.1_S",0.5
"AAATCAACGAGGTG.1_S",0.5
"AAATCAACGGAAGC.1_S",0.5
"AAATCAACGTTAGC.1_S",0.5
"AAATCATGCCGATA.1_S",0.5
"AAATCATGGAGCAG.1_S",0.25
"AAATCATGGAGGCA.1_S",0.5
"AAATCATGGCAGAG.1_S",0.25
"AAATCATGGTTGTG.1_S",0.5
"AAATCATGTAAGCC.1_S",0.5
"AAATCATGTAGACC.1_S",0.25
"AAATCATGTCCAAG.1_S",0.5
"AAATCCCTACTTTC.1_S",0.5
"AAATCCCTCGTAAC.1_S",0.25
"AAATCCCTCTTCGC.1_S",0.5
"AAATCCCTGAAACA.1_S",0.5
"AAATCCCTGAGGGT.1_S",0.25
"AAATCCCTGTACAC.1_S",0
"AAATCTGAAACGTC.1_S",0.5
"AAATCTGACTAGTG.1_S",0.125
"AAACATACCCAATG.1_NK",0.25
"AAACATACGACGTT.1_NK",0
"AAACATACTCACCC.1_NK",0.25
"AAACATACTCAGAC.1_NK",0.25
"AAACATTGAACAGA.1_NK",0.25
"AAACATTGGACTAC.1_NK",0.25
"AAACATTGGTCATG.1_NK",0.25
"AAACATTGGTTCGA.1_NK",0.25
"AAACATTGTGCAGT.1_NK",0.25
"AAACATTGTTTCAC.1_NK",0.25
"AAACCGTGACGCTA.1_NK",0
"AAACCGTGACGGAG.1_NK",0
"AAACCGTGATACCG.1_NK",0.25
"AAACCGTGCAGCTA.1_NK",0.25
"AAACCGTGCCGTTC.1_NK",0.25
"AAACCGTGCTCAAG.1_NK",0.25
"AAACCGTGGCTATG.1_NK",0.25
"AAACCGTGTGGATC.1_NK",0
"AAACCGTGTGTCTT.1_NK",0.25
"AAACCGTGTTGAGC.1_NK",0.25
"AAACGCACAGCCTA.1_NK",0.25
"AAACGCACCTGGTA.1_NK",0.25
"AAACGCACTAAGCC.1_NK",0
"AAACGCACTAGACC.1_NK",0.25
"AAACGCACTCTCCG.1_NK",0
"AAACGCACTTCAGG.1_NK",0.25
"AAACGCTGCCCTCA.1_NK",0
"AAACGCTGGACTAC.1_NK",0.25
"AAACGGCTAAACAG.1_NK",0.25
"AAACGGCTCCGTTC.1_NK",0.25
"AAACGGCTGTCAAC.1_NK",0.25
"AAACGGCTTAACCG.1_NK",0.25
"AAACGGCTTCTTAC.1_NK",0
"AAACGGCTTGGCAT.1_NK",0.25
"AAACTTGAAAGGGC.1_NK",0.25
"AAACTTGACCTTAT.1_NK",0.25
"AAACTTGACTGTAG.1_NK",0.25
"AAACTTGAGCCTTC.1_NK",0.25
"AAACTTGAGTCATG.1_NK",0.25
"AAACTTGATCCCGT.1_NK",0
"AAACTTGATGGTCA.1_NK",0.25
"AAAGACGACTCTCG.1_NK",0.25
"AAAGACGATAACGC.1_NK",0.25
"AAAGACGATACGAC.1_NK",0.25
"AAAGACGATAGTCG.1_NK",0.25
"AAAGACGATATTCC.1_NK",0
"AAAGACGATTCACT.1_NK",0.25
"AAAGAGACAGTTCG.1_NK",0.25
"AAAGAGACATAAGG.1_NK",0.25
"AAAGAGACATGACC.1_NK",0.25
"AAAGAGACCATCAG.1_NK",0.25
"AAAGAGACCCCACT.1_NK",0.25
"AAAGAGACCTAGCA.1_NK",0.25
"AAAGAGACGTACAC.1_NK",0.25
"AAAGAGACGTAGGG.1_NK",0.25
"AAAGATCTACTTTC.1_NK",0.25
"AAAGATCTCTTCCG.1_NK",0.25
"AAAGATCTGCCAAT.1_NK",0.25
"AAAGATCTTTTCTG.1_NK",0.25
"AAAGCAGAAGCACT.1_NK",0.25
"AAAGCAGAGGTGGA.1_NK",0.25
"AAAGCAGATGCAAC.1_NK",0.25
"AAAGCAGATGGTTG.1_NK",0.25
"AAAGCCTGGATGAA.1_NK",0.25
"AAAGCCTGGTGAGG.1_NK",0.25
"AAAGCCTGTACTCT.1_NK",0
"AAAGGCCTAGTACC.1_NK",0.25
"AAAGGCCTATCACG.1_NK",0
"AAAGGCCTATTGGC.1_NK",0.25
"AAAGGCCTCGACTA.1_NK",0
"AAAGGCCTCTACGA.1_NK",0.25
"AAAGGCCTCTGGTA.1_NK",0.25
"AAAGGCCTCTTCCG.1_NK",0.25
"AAAGGCCTGCCTTC.1_NK",0
"AAAGTTTGAAGTGA.1_NK",0.25
"AAAGTTTGAGTGTC.1_NK",0
"AAAGTTTGTCCTAT.1_NK",0
"AAAGTTTGTGCCTC.1_NK",0.25
"AAAGTTTGTGGGAG.1_NK",0
"AAATACTGCATCAG.1_NK",0.25
"AAATACTGCTTGTT.1_NK",0.25
"AAATACTGGCGAAG.1_NK",0.25
"AAATACTGGCTAAC.1_NK",0.25
"AAATACTGTCGTTT.1_NK",0.25
"AAATCAACCATTGG.1_NK",0.25
"AAATCAACCCTATT.1_NK",0
"AAATCAACTCACGA.1_NK",0
"AAATCATGGGACTT.1_NK",0
"AAATCCCTACAGCT.1_NK",0.25
"AAATCCCTACCTTT.1_NK",0.25
"AAATCCCTATTGGC.1_NK",0
"AAATCCCTCATGAC.1_NK",0.25
"AAATCCCTCGTGAT.1_NK",0
"AAATCCCTCTCGCT.1_NK",0
"AAATCCCTCTGACA.1_NK",0
"AAATCCCTTCACCC.1_NK",0.25
"AAATCCCTTCAGAC.1_NK",0.25
"AAATCTGAACGACT.1_NK",0.25
"AAATCTGATACTCT.1_NK",0.25
"AAATCTGATCCTCG.1_NK",0
"AAACATACCAGTCA.1_N",0
"AAACATACGGTATC.1_N",0
"AAACATACTCCGAA.1_N",0
"AAACATACTGATGC.1_N",0
"AAACATACTGCACA.1_N",0
"AAACATTGAAAACG.1_N",0.25
"AAACATTGCAGCTA.1_N",0
"AAACATTGCTTGAG.1_N",0
"AAACATTGGAATCC.1_N",0
"AAACATTGGCCTTC.1_N",0
"AAACATTGGTGCTA.1_N",0
"AAACCGTGATAAGG.1_N",0
"AAACCGTGCACCAA.1_N",0
"AAACCGTGGCATAC.1_N",0
"AAACCGTGGCTTCC.1_N",0
"AAACCGTGGGTTCA.1_N",0
"AAACCGTGGTAGGG.1_N",0
"AAACCGTGGTGCTA.1_N",0
"AAACCGTGGTTGTG.1_N",0
"AAACCGTGTGCAGT.1_N",0
"AAACGCACAAACAG.1_N",0
"AAACGCACAACGAA.1_N",0
"AAACGCACAGATCC.1_N",0
"AAACGCACCATTTC.1_N",0
"AAACGCACGACTAC.1_N",0
"AAACGCACGTGCAT.1_N",0
"AAACGCACTCTCTA.1_N",0
"AAACGCTGACACGT.1_N",0
"AAACGCTGACCTGA.1_N",0
"AAACGCTGATAAGG.1_N",0
"AAACGCTGCCAACA.1_N",0
"AAACGCTGCTACGA.1_N",0
"AAACGCTGGACTAC.1_N",0
"AAACGCTGGGTATC.1_N",0
"AAACGCTGGTACGT.1_N",0
"AAACGGCTAGCTCA.1_N",0
"AAACGGCTAGGGTG.1_N",0
"AAACGGCTATGTGC.1_N",0
"AAACGGCTCGGAGA.1_N",0
"AAACGGCTCTAGTG.1_N",0
"AAACGGCTTAGCGT.1_N",0
"AAACGGCTTGAACC.1_N",0
"AAACTTGAAGTGCT.1_N",0
"AAACTTGACACTTT.1_N",0
"AAACTTGACCGCTT.1_N",0
"AAACTTGACGGGAA.1_N",0
"AAACTTGACTCCCA.1_N",0
"AAACTTGAGGTGTT.1_N",0
"AAACTTGAGTTCAG.1_N",0
"AAACTTGATCCGAA.1_N",0
"AAACTTGATCCTTA.1_N",0
"AAACTTGATGACAC.1_N",0
"AAAGACGAACGACT.1_N",0
"AAAGACGAAGCGGA.1_N",0
"AAAGACGACCCACT.1_N",0
"AAAGACGACTAGAC.1_N",0
"AAAGACGACTGTAG.1_N",0
"AAAGACGATCCTAT.1_N",0
"AAAGAGACAGTCTG.1_N",0
"AAAGAGACCCTCCA.1_N",0
"AAAGAGACCTCTAT.1_N",0
"AAAGAGACCTGGTA.1_N",0
"AAAGAGACCTTACT.1_N",0
"AAAGAGACTCCTCG.1_N",0
"AAAGAGACTTCCGC.1_N",0
"AAAGATCTCAGTTG.1_N",0
"AAAGATCTGCCTTC.1_N",0
"AAAGATCTTTTACC.1_N",0
"AAAGATCTTTTGCT.1_N",0
"AAAGCAGAACGACT.1_N",0
"AAAGCAGAACGTTG.1_N",0
"AAAGCAGAAGAACA.1_N",0
"AAAGCAGACTACGA.1_N",0
"AAAGCAGAGCTAAC.1_N",0
"AAAGCAGATATGGC.1_N",0
"AAAGCAGATCCTTA.1_N",0
"AAAGCAGATCTTTG.1_N",0
"AAAGCAGATTCGCC.1_N",0
"AAAGCCTGAACCAC.1_N",0
"AAAGCCTGACGGTT.1_N",0
"AAAGCCTGAGAGGC.1_N",0
"AAAGCCTGATTCCT.1_N",0.25
"AAAGCCTGCTCAGA.1_N",0
"AAAGCCTGCTCCAC.1_N",0.25
"AAAGCCTGCTGTCC.1_N",0
"AAAGCCTGGAACCT.1_N",0
"AAAGGCCTAAGTGA.1_N",0
"AAAGGCCTACGGGA.1_N",0
"AAAGGCCTATCTCT.1_N",0
"AAAGGCCTGACACT.1_N",0
"AAAGGCCTGGCAAG.1_N",0
"AAAGTTTGACACAC.1_N",0
"AAAGTTTGCTCCCA.1_N",0
"AAAGTTTGTATGCG.1_N",0
"AAAGTTTGTCTACT.1_N",0
"AAAGTTTGTTGCAG.1_N",0
"AAATACTGACCAGT.1_N",0
"AAATACTGAGTCTG.1_N",0
"AAATACTGCGTACA.1_N",0
"AAATACTGGCGAGA.1_N",0
