"AAACATACAATGCC.1_B",0.9375
"AAACATACACGCAT.1_B",0.91875
"AAACATACGAATAG.1_B",0.875
"AAACATACGGTGTT.1_B",0.91875
"AAACATACGTGTCA.1_B",0.925
"AAACATACTCTTAC.1_B",0.8875
"AAACATTGCTGATG.1_B",0.89375
"AAACATTGGCCCTT.1_B",0.9375
"AAACATTGGTGCAT.1_B",0.9125
"AAACATTGTTTGGG.1_B",0.9
"AAACCGTGACGGTT.1_B",0.89375
"AAACCGTGCTCCAC.1_B",0.9125
"AAACCGTGCTCGCT.1_B",0.9125
"AAACCGTGGGGACA.1_B",0.88125
"AAACCGTGTGCATG.1_B",0.875
"AAACGCACATCACG.1_B",0.8625
"AAACGCACCCAGTA.1_B",0.90625
"AAACGCACGCCCTT.1_B",0.9125
"AAACGCACGTACCA.1_B",0.85
"AAACGCACGTGTAC.1_B",0.86875
"AAACGCACTCACCC.1_B",0.9
"AAACGCACTTCACT.1_B",0.8875
"AAACGCACTTCCAT.1_B",0.9
"AAACGCTGATCTTC.1_B",0.93125
"AAACGCTGCCCTCA.1_B",0.88125
"AAACGCTGCCTACC.1_B",0.93125
"AAACGCTGCTGTAG.1_B",0.9
"AAACGCTGCTTCTA.1_B",0.88125
"AAACGCTGGCCTTC.1_B",0.9
"AAACGGCTAGCCTA.1_B",0.9
"AAACGGCTGCATAC.1_B",0.94375
"AAACGGCTGTTACG.1_B",0.90625
"AAACGGCTTGTCAG.1_B",0.93125
"AAACTTGAACGCTA.1_B",0.89375
"AAACTTGAACGTAC.1_B",0.9
"AAACTTGATCCTTA.1_B",0.875
"AAACTTGATCTTAC.1_B",0.91875
"AAACTTGATGCCCT.1_B",0.925
"AAACTTGATTTACC.1_B",0.9
"AAACTTGATTTGGG.1_B",0.89375
"AAAGACGAACAGTC.1_B",0.93125
"AAAGACGACAATCG.1_B",0.86875
"AAAGACGACAGAGG.1_B",0.86875
"AAAGACGACCAATG.1_B",0.89375
"AAAGACGACCTTAT.1_B",0.88125
"AAAGACGAGTGCTA.1_B",0.83125
"AAAGACGATAAGGA.1_B",0.9
"AAAGACGATGTCGA.1_B",0.85625
"AAAGACGATTGCTT.1_B",0.8875
"AAAGAGACAAACGA.1_B",0.8625
"AAAGAGACCAGTCA.1_B",0.9
"AAAGAGACCGTCTC.1_B",0.91875
"AAAGAGACGAACTC.1_B",0.88125
"AAAGAGACTGAAGA.1_B",0.9
"AAAGATCTACCAAC.1_B",0.91875
"AAAGATCTAGGAGC.1_B",0.89375
"AAAGATCTCCGAAT.1_B",0.8375
"AAAGATCTGGTCTA.1_B",0.875
"AAAGATCTGTGCAT.1_B",0.86875
"AAAGATCTTCGTAG.1_B",0.875
"AAAGATCTTCTTAC.1_B",0.93125
"AAAGATCTTGATGC.1_B",0.88125
"AAAGCAGAACCAAC.1_B",0.90625
"AAAGCAGAGTACGT.1_B",0.88125
"AAAGCAGATATCGG.1_B",0.9
"AAAGCAGATTATCC.1_B",0.88125
"AAAGCCTGAGGGTG.1_B",0.9
"AAAGCCTGATGACC.1_B",0.875
"AAAGCCTGCCTTCG.1_B",0.90625
"AAAGCCTGGAACCT.1_B",0.93125
"AAAGCCTGGTCACA.1_B",0.91875
"AAAGCCTGTAACCG.1_B",0.86875
"AAAGCCTGTTCATC.1_B",0.9125
"AAAGGCCTCATTCT.1_B",0.9
"AAAGGCCTCCTGTC.1_B",0.93125
"AAAGGCCTCGAGTT.1_B",0.88125
"AAAGGCCTGGCATT.1_B",0.93125
"AAAGGCCTGGTTCA.1_B",0.90625
"AAAGGCCTTATTCC.1_B",0.9
"AAAGGCCTTTCCAT.1_B",0.8875
"AAAGTTTGATGGTC.1_B",0.94375
"AAAGTTTGCTTCCG.1_B",0.9
"AAAGTTTGTCCTAT.1_B",0.9125
"AAAGTTTGTGCAGT.1_B",0.89375
"AAATACTGCCATGA.1_B",0.91875
"AAATACTGGTACAC.1_B",0.89375
"AAATACTGTTACTC.1_B",0.88125
"AAATACTGTTGACG.1_B",0.85
"AAATCAACACACTG.1_B",0.8875
"AAATCAACACCCAA.1_B",0.8875
"AAATCAACATGTCG.1_B",0.875
"AAATCAACCCAATG.1_B",0.86875
"AAATCAACGGGAGT.1_B",0.925
"AAATCAACTCCAGA.1_B",0.90625
"AAATCAACTTTACC.1_B",0.93125
"AAATCATGACTGGT.1_B",0.925
"AAATCATGAGTCGT.1_B",0.89375
"AAATCATGCATACG.1_B",0.875
"AAATCATGCCGCTT.1_B",0.90625
"AAATCATGCGTTGA.1_B",0.8875
"AAACATACCACTAG.1_M",0.89375
"AAACATACGTTCAG.1_M",0.9125
"AAACATTGACGGTT.1_M",0.875
"AAACATTGCTTCGC.1_M",0.875
"AAACATTGGGCAAG.1_M",0.925
"AAACATTGTTTGTC.1_M",0.88125
"AAACGCACGGACTT.1_M",0.09375
"AAACGGCTACGGAG.1_M",0.925
"AAACGGCTAGTCAC.1_M",0.89375
"AAACGGCTCAGCTA.1_M",0.90625
"AAAGACGACCGTAA.1_M",0.88125
"AAAGACGACTCGCT.1_M",0.9125
"AAAGACGAGGTAAA.1_M",0.9125
"AAAGACGATCAAGC.1_M",0.925
"AAAGATCTTGCATG.1_M",0.88125
"AAAGCAGAGATAGA.1_M",0.875
"AAAGCCTGCAACCA.1_M",0.9125
"AAAGCCTGTGCTCC.1_M",0.925
"AAAGGCCTCGCAAT.1_M",0.88125
"AAATACTGACAGTC.1_M",0.90625
"AAATACTGACGGTT.1_M",0.8625
"AAATACTGTGGATC.1_M",0.8875
"AAATCAACTTGTCT.1_M",0.90625
"AAATCATGTAGCGT.1_M",0.8875
"AAATCCCTGCTGTA.1_M",0.90625
"AAATCCCTGTTCTT.1_M",0.89375
"AAATCTGAAACCAC.1_M",0.9
"AAATCTGACTCATT.1_M",0.88125
"AAATCTGAGCTACA.1_M",0.875
"AAATCTGATCACGA.1_M",0.89375
"AAATGGGAAGTAGA.1_M",0.925
"AAATGGGACGAATC.1_M",0.9
"AAATGGGATAACGC.1_M",0.8625
"AAATGGGATAGTCG.1_M",0.9125
"AAATGTTGAGAACA.1_M",0.8875
"AAATTGACAGGGTG.1_M",0.91875
"AAATTGACTGGGAG.1_M",0.90625
"AAATTGACTGTCCC.1_M",0.8875
"AACAAACTCAATCG.1_M",0.8875
"AACAAACTCTTGTT.1_M",0.91875
"AACACGTGAAGAAC.1_M",0.925
"AACACTCTGCGTAT.1_M",0.9125
"AACAGAGACGCTAA.1_M",0.925
"AACAGAGATCATTC.1_M",0.90625
"AACAGCACAAGCAA.1_M",0.88125
"AACAGCACGTATCG.1_M",0.88125
"AACATATGACAGTC.1_M",0.8375
"AACATATGCTCCAC.1_M",0.9125
"AACATATGGCAGAG.1_M",0.8625
"AACATATGGTATCG.1_M",0.8875
"AACATTGATCGATG.1_M",0.9
"AACCACGAAATGCC.1_M",0.8875
"AACCAGTGCTTCGC.1_M",0.90625
"AACCAGTGGACACT.1_M",0.89375
"AACCAGTGTCCAGA.1_M",0.9
"AACCCAGACCTTTA.1_M",0.8875
"AACCGATGACCTAG.1_M",0.8875
"AACCGATGGGGATG.1_M",0.90625
"AACCGCCTTCGTGA.1_M",0.9125
"AACCGCCTTGAGAA.1_M",0.9
"AACCGCCTTTCACT.1_M",0.88125
"AACCTACTTGATGC.1_M",0.91875
"AACCTTACGACAGG.1_M",0.9375
"AACCTTACGCCCTT.1_M",0.86875
"AACCTTTGTTGTGG.1_M",0.925
"AACGCAACTAAGGA.1_M",0.9
"AACGCATGCGTTGA.1_M",0.89375
"AACGCATGCTGAAC.1_M",0.94375
"AACGCCCTCCCAAA.1_M",0.88125
"AACGGTACAAGGCG.1_M",0.90625
"AACGGTACCTGTGA.1_M",0.89375
"AACGGTACTATGCG.1_M",0.94375
"AACGGTTGGCCATA.1_M",0.9125
"AACGGTTGTCTACT.1_M",0.94375
"AACGTCGAAAGTAG.1_M",0.8875
"AACGTCGACTCTTA.1_M",0.90625
"AACGTCGAGGCATT.1_M",0.8875
"AACGTGTGATTGGC.1_M",0.9
"AACGTGTGCCAACA.1_M",0.89375
"AACGTTCTCACTTT.1_M",0.91875
"AACGTTCTGCGGAA.1_M",0.91875
"AACGTTCTGGCAAG.1_M",0.9125
"AACTACCTGATACC.1_M",0.89375
"AACTACCTGTCATG.1_M",0.88125
"AACTCACTCGTTGA.1_M",0.9125
"AACTCACTCTTGGA.1_M",0.9
"AACTCGGAATACCG.1_M",0.85625
"AACTCTTGACTAGC.1_M",0.8875
"AACTCTTGGATGAA.1_M",0.90625
"AACTGTCTAGTGCT.1_M",0.90625
"AACTGTCTCCTTTA.1_M",0.90625
"AACTGTCTTCTAGG.1_M",0.8875
"AACTTGCTCCTTAT.1_M",0.91875
"AACTTGCTGGAAAT.1_M",0.9125
"AAGAAGACCTTGGA.1_M",0.8875
"AAGAATCTCTGATG.1_M",0.875
"AAGAATCTTACTTC.1_M",0.88125
"AAGAATCTTCTGGA.1_M",0.90625
"AAGACAGACGCAAT.1_M",0.89375
"AAGAGATGGAAAGT.1_M",0.875
"AAACATACATTCTC.1_S",0.91875
"AAACATTGCGATAC.1_S",0.93125
"AAACATTGCGTCTC.1_S",0.8875
"AAACATTGGCCAAT.1_S",0.95
"AAACATTGGCCATA.1_S",0.8875
"AAACATTGGTACGT.1_S",0.8875
"AAACATTGTCCCGT.1_S",0.91875
"AAACCGTGACCTTT.1_S",0.93125
"AAACCGTGTCAGTG.1_S",0.8625
"AAACCGTGTCGTGA.1_S",0.8625
"AAACGCACAGAGGC.1_S",0.90625
"AAACGCACCACAAC.1_S",0.89375
"AAACGCACCAGTTG.1_S",0.88125
"AAACGCACTCTCGC.1_S",0.8625
"AAACGCACTTCTAC.1_S",0.90625
"AAACGCACTTTCTG.1_S",0.925
"AAACGCTGAACCAC.1_S",0.9125
"AAACGCTGAACTGC.1_S",0.9
"AAACGCTGCATCAG.1_S",0.8875
"AAACGCTGGTAAGA.1_S",0.89375
"AAACGCTGTCTTTG.1_S",0.8625
"AAACGCTGTTTCGT.1_S",0.93125
"AAACGGCTCAGCTA.1_S",0.925
"AAACGGCTGCTGAT.1_S",0.875
"AAACGGCTGGGATG.1_S",0.7625
"AAACTTGAAAACGA.1_S",0.91875
"AAACTTGAACCACA.1_S",0.89375
"AAACTTGAATCGAC.1_S",0.9125
"AAACTTGAGACAAA.1_S",0.9
"AAACTTGAGAGGTG.1_S",0.90625
"AAACTTGAGTCTTT.1_S",0.85
"AAACTTGAGTTTCT.1_S",0.84375
"AAACTTGATAAGCC.1_S",0.8875
"AAACTTGATTGTCT.1_S",0.9
"AAAGACGAAAGAGT.1_S",0.9125
"AAAGACGAACTTTC.1_S",0.8875
"AAAGACGAAGGCGA.1_S",0.91875
"AAAGACGAAGTGTC.1_S",0.93125
"AAAGACGACACCAA.1_S",0.89375
"AAAGACGACCACAA.1_S",0.9125
"AAAGACGACCGATA.1_S",0.9125
"AAAGACGAGATAAG.1_S",0.86875
"AAAGACGAGGTATC.1_S",0.94375
"AAAGACGATAGACC.1_S",0.89375
"AAAGAGACAGAACA.1_S",0.9125
"AAAGAGACATCTCT.1_S",0.9125
"AAAGATCTACACCA.1_S",0.84375
"AAAGATCTACTCTT.1_S",0.93125
"AAAGATCTCACTTT.1_S",0.925
"AAAGATCTGCCCTT.1_S",0.90625
"AAAGATCTGCTTCC.1_S",0.94375
"AAAGATCTGTATCG.1_S",0.8875
"AAAGATCTTGATGC.1_S",0.9375
"AAAGCAGACACTTT.1_S",0.9125
"AAAGCAGACCGTAA.1_S",0.89375
"AAAGCAGACCTCAC.1_S",0.85
"AAAGCAGACTTACT.1_S",0.9125
"AAAGCAGAGGACAG.1_S",0.91875
"AAAGCAGATTATCC.1_S",0.8875
"AAAGCCTGATCGGT.1_S",0.84375
"AAAGCCTGCAGGAG.1_S",0.90625
"AAAGCCTGCTAGCA.1_S",0.9125
"AAAGCCTGGAAGGC.1_S",0.93125
"AAAGCCTGGCATAC.1_S",0.8875
"AAAGCCTGGTCACA.1_S",0.93125
"AAAGCCTGGTTCGA.1_S",0.89375
"AAAGGCCTATTCGG.1_S",0.89375
"AAAGGCCTCGTAGT.1_S",0.94375
"AAAGGCCTTATGCG.1_S",0.91875
"AAAGGCCTTCTTTG.1_S",0.875
"AAAGTTTGAAAGTG.1_S",0.8625
"AAAGTTTGGATACC.1_S",0.9
"AAAGTTTGGTAAAG.1_S",0.90625
"AAAGTTTGGTTACG.1_S",0.89375
"AAAGTTTGTCGATG.1_S",0.875
"AAAGTTTGTGGATC.1_S",0.91875
"AAATACTGAGTGTC.1_S",0.89375
"AAATACTGGGTGGA.1_S",0.9
"AAATACTGGGTTAC.1_S",0.9125
"AAATCAACCTAGAC.1_S",0.91875
"AAATCAACCTTACT.1_S",0.90625
"AAATCAACGAGGTG.1_S",0.8875
"AAATCAACGGAAGC.1_S",0.94375
"AAATCAACGTTAGC.1_S",0.86875
"AAATCATGCCGATA.1_S",0.88125
"AAATCATGGAGCAG.1_S",0.9
"AAATCATGGAGGCA.1_S",0.9125
"AAATCATGGCAGAG.1_S",0.88125
"AAATCATGGTTGTG.1_S",0.9
"AAATCATGTAAGCC.1_S",0.85625
"AAATCATGTAGACC.1_S",0.925
"AAATCATGTCCAAG.1_S",0.86875
"AAATCCCTACTTTC.1_S",0.89375
"AAATCCCTCGTAAC.1_S",0.94375
"AAATCCCTCTTCGC.1_S",0.93125
"AAATCCCTGAAACA.1_S",0.90625
"AAATCCCTGAGGGT.1_S",0.925
"AAATCCCTGTACAC.1_S",0.9125
"AAATCTGAAACGTC.1_S",0.91875
"AAATCTGACTAGTG.1_S",0.89375
"AAACATACCCAATG.1_NK",0.9
"AAACATACGACGTT.1_NK",0.90625
"AAACATACTCACCC.1_NK",0.95625
"AAACATACTCAGAC.1_NK",0.89375
"AAACATTGAACAGA.1_NK",0.88125
"AAACATTGGACTAC.1_NK",0.88125
"AAACATTGGTCATG.1_NK",0.8875
"AAACATTGGTTCGA.1_NK",0.9125
"AAACATTGTGCAGT.1_NK",0.9125
"AAACATTGTTTCAC.1_NK",0.9
"AAACCGTGACGCTA.1_NK",0.925
"AAACCGTGACGGAG.1_NK",0.95625
"AAACCGTGATACCG.1_NK",0.89375
"AAACCGTGCAGCTA.1_NK",0.9125
"AAACCGTGCCGTTC.1_NK",0.85625
"AAACCGTGCTCAAG.1_NK",0.8875
"AAACCGTGGCTATG.1_NK",0.93125
"AAACCGTGTGGATC.1_NK",0.8875
"AAACCGTGTGTCTT.1_NK",0.90625
"AAACCGTGTTGAGC.1_NK",0.8875
"AAACGCACAGCCTA.1_NK",0.8875
"AAACGCACCTGGTA.1_NK",0.8875
"AAACGCACTAAGCC.1_NK",0.8625
"AAACGCACTAGACC.1_NK",0.88125
"AAACGCACTCTCCG.1_NK",0.93125
"AAACGCACTTCAGG.1_NK",0.94375
"AAACGCTGCCCTCA.1_NK",0.875
"AAACGCTGGACTAC.1_NK",0.91875
"AAACGGCTAAACAG.1_NK",0.90625
"AAACGGCTCCGTTC.1_NK",0.875
"AAACGGCTGTCAAC.1_NK",0.8875
"AAACGGCTTAACCG.1_NK",0.9375
"AAACGGCTTCTTAC.1_NK",0.8875
"AAACGGCTTGGCAT.1_NK",0.88125
"AAACTTGAAAGGGC.1_NK",0.8875
"AAACTTGACCTTAT.1_NK",0.93125
"AAACTTGACTGTAG.1_NK",0.90625
"AAACTTGAGCCTTC.1_NK",0.88125
"AAACTTGAGTCATG.1_NK",0.86875
"AAACTTGATCCCGT.1_NK",0.8875
"AAACTTGATGGTCA.1_NK",0.88125
"AAAGACGACTCTCG.1_NK",0.89375
"AAAGACGATAACGC.1_NK",0.90625
"AAAGACGATACGAC.1_NK",0.85
"AAAGACGATAGTCG.1_NK",0.925
"AAAGACGATATTCC.1_NK",0.9
"AAAGACGATTCACT.1_NK",0.9125
"AAAGAGACAGTTCG.1_NK",0.88125
"AAAGAGACATAAGG.1_NK",0.8625
"AAAGAGACATGACC.1_NK",0.9
"AAAGAGACCATCAG.1_NK",0.9125
"AAAGAGACCCCACT.1_NK",0.925
"AAAGAGACCTAGCA.1_NK",0.88125
"AAAGAGACGTACAC.1_NK",0.94375
"AAAGAGACGTAGGG.1_NK",0.91875
"AAAGATCTACTTTC.1_NK",0.89375
"AAAGATCTCTTCCG.1_NK",0.90625
"AAAGATCTGCCAAT.1_NK",0.91875
"AAAGATCTTTTCTG.1_NK",0.9375
"AAAGCAGAAGCACT.1_NK",0.86875
"AAAGCAGAGGTGGA.1_NK",0.90625
"AAAGCAGATGCAAC.1_NK",0.89375
"AAAGCAGATGGTTG.1_NK",0.8875
"AAAGCCTGGATGAA.1_NK",0.90625
"AAAGCCTGGTGAGG.1_NK",0.86875
"AAAGCCTGTACTCT.1_NK",0.93125
"AAAGGCCTAGTACC.1_NK",0.8875
"AAAGGCCTATCACG.1_NK",0.85
"AAAGGCCTATTGGC.1_NK",0.9125
"AAAGGCCTCGACTA.1_NK",0.91875
"AAAGGCCTCTACGA.1_NK",0.93125
"AAAGGCCTCTGGTA.1_NK",0.9125
"AAAGGCCTCTTCCG.1_NK",0.88125
"AAAGGCCTGCCTTC.1_NK",0.90625
"AAAGTTTGAAGTGA.1_NK",0.9
"AAAGTTTGAGTGTC.1_NK",0.9125
"AAAGTTTGTCCTAT.1_NK",0.90625
"AAAGTTTGTGCCTC.1_NK",0.91875
"AAAGTTTGTGGGAG.1_NK",0.88125
"AAATACTGCATCAG.1_NK",0.9
"AAATACTGCTTGTT.1_NK",0.875
"AAATACTGGCGAAG.1_NK",0.9125
"AAATACTGGCTAAC.1_NK",0.9
"AAATACTGTCGTTT.1_NK",0.93125
"AAATCAACCATTGG.1_NK",0.90625
"AAATCAACCCTATT.1_NK",0.9125
"AAATCAACTCACGA.1_NK",0.9
"AAATCATGGGACTT.1_NK",0.925
"AAATCCCTACAGCT.1_NK",0.9
"AAATCCCTACCTTT.1_NK",0.925
"AAATCCCTATTGGC.1_NK",0.85625
"AAATCCCTCATGAC.1_NK",0.875
"AAATCCCTCGTGAT.1_NK",0.9125
"AAATCCCTCTCGCT.1_NK",0.91875
"AAATCCCTCTGACA.1_NK",0.9125
"AAATCCCTTCACCC.1_NK",0.9125
"AAATCCCTTCAGAC.1_NK",0.9125
"AAATCTGAACGACT.1_NK",0.95625
"AAATCTGATACTCT.1_NK",0.89375
"AAATCTGATCCTCG.1_NK",0.88125
"AAACATACCAGTCA.1_N",0.90625
"AAACATACGGTATC.1_N",0.88125
"AAACATACTCCGAA.1_N",0.86875
"AAACATACTGATGC.1_N",0.875
"AAACATACTGCACA.1_N",0.8625
"AAACATTGAAAACG.1_N",0.9
"AAACATTGCAGCTA.1_N",0.9375
"AAACATTGCTTGAG.1_N",0.90625
"AAACATTGGAATCC.1_N",0.925
"AAACATTGGCCTTC.1_N",0.91875
"AAACATTGGTGCTA.1_N",0.9125
"AAACCGTGATAAGG.1_N",0.8625
"AAACCGTGCACCAA.1_N",0.8875
"AAACCGTGGCATAC.1_N",0.90625
"AAACCGTGGCTTCC.1_N",0.91875
"AAACCGTGGGTTCA.1_N",0.93125
"AAACCGTGGTAGGG.1_N",0.9
"AAACCGTGGTGCTA.1_N",0.88125
"AAACCGTGGTTGTG.1_N",0.90625
"AAACCGTGTGCAGT.1_N",0.875
"AAACGCACAAACAG.1_N",0.89375
"AAACGCACAACGAA.1_N",0.8875
"AAACGCACAGATCC.1_N",0.94375
"AAACGCACCATTTC.1_N",0.90625
"AAACGCACGACTAC.1_N",0.9125
"AAACGCACGTGCAT.1_N",0.91875
"AAACGCACTCTCTA.1_N",0.91875
"AAACGCTGACACGT.1_N",0.9125
"AAACGCTGACCTGA.1_N",0.9
"AAACGCTGATAAGG.1_N",0.8625
"AAACGCTGCCAACA.1_N",0.91875
"AAACGCTGCTACGA.1_N",0.9
"AAACGCTGGACTAC.1_N",0.925
"AAACGCTGGGTATC.1_N",0.91875
"AAACGCTGGTACGT.1_N",0.90625
"AAACGGCTAGCTCA.1_N",0.8875
"AAACGGCTAGGGTG.1_N",0.89375
"AAACGGCTATGTGC.1_N",0.875
"AAACGGCTCGGAGA.1_N",0.90625
"AAACGGCTCTAGTG.1_N",0.9
"AAACGGCTTAGCGT.1_N",0.89375
"AAACGGCTTGAACC.1_N",0.86875
"AAACTTGAAGTGCT.1_N",0.925
"AAACTTGACACTTT.1_N",0.88125
"AAACTTGACCGCTT.1_N",0.90625
"AAACTTGACGGGAA.1_N",0.88125
"AAACTTGACTCCCA.1_N",0.88125
"AAACTTGAGGTGTT.1_N",0.89375
"AAACTTGAGTTCAG.1_N",0.925
"AAACTTGATCCGAA.1_N",0.90625
"AAACTTGATCCTTA.1_N",0.9
"AAACTTGATGACAC.1_N",0.91875
"AAAGACGAACGACT.1_N",0.88125
"AAAGACGAAGCGGA.1_N",0.925
"AAAGACGACCCACT.1_N",0.9125
"AAAGACGACTAGAC.1_N",0.9
"AAAGACGACTGTAG.1_N",0.84375
"AAAGACGATCCTAT.1_N",0.9
"AAAGAGACAGTCTG.1_N",0.9125
"AAAGAGACCCTCCA.1_N",0.91875
"AAAGAGACCTCTAT.1_N",0.88125
"AAAGAGACCTGGTA.1_N",0.94375
"AAAGAGACCTTACT.1_N",0.8625
"AAAGAGACTCCTCG.1_N",0.90625
"AAAGAGACTTCCGC.1_N",0.88125
"AAAGATCTCAGTTG.1_N",0.8875
"AAAGATCTGCCTTC.1_N",0.86875
"AAAGATCTTTTACC.1_N",0.8875
"AAAGATCTTTTGCT.1_N",0.9
"AAAGCAGAACGACT.1_N",0.89375
"AAAGCAGAACGTTG.1_N",0.91875
"AAAGCAGAAGAACA.1_N",0.9125
"AAAGCAGACTACGA.1_N",0.9
"AAAGCAGAGCTAAC.1_N",0.925
"AAAGCAGATATGGC.1_N",0.91875
"AAAGCAGATCCTTA.1_N",0.94375
"AAAGCAGATCTTTG.1_N",0.9125
"AAAGCAGATTCGCC.1_N",0.9125
"AAAGCCTGAACCAC.1_N",0.9125
"AAAGCCTGACGGTT.1_N",0.91875
"AAAGCCTGAGAGGC.1_N",0.90625
"AAAGCCTGATTCCT.1_N",0.88125
"AAAGCCTGCTCAGA.1_N",0.8625
"AAAGCCTGCTCCAC.1_N",0.9375
"AAAGCCTGCTGTCC.1_N",0.875
"AAAGCCTGGAACCT.1_N",0.8875
"AAAGGCCTAAGTGA.1_N",0.93125
"AAAGGCCTACGGGA.1_N",0.9125
"AAAGGCCTATCTCT.1_N",0.90625
"AAAGGCCTGACACT.1_N",0.86875
"AAAGGCCTGGCAAG.1_N",0.89375
"AAAGTTTGACACAC.1_N",0.825
"AAAGTTTGCTCCCA.1_N",0.88125
"AAAGTTTGTATGCG.1_N",0.925
"AAAGTTTGTCTACT.1_N",0.9
"AAAGTTTGTTGCAG.1_N",0.94375
"AAATACTGACCAGT.1_N",0.925
"AAATACTGAGTCTG.1_N",0.90625
"AAATACTGCGTACA.1_N",0.8875
"AAATACTGGCGAGA.1_N",0.8625
